,A,B,C,D
2000-01-01,-2.2617350250152355,-0.2729074516321266,0.4615077388674195,-0.45771612970026826
2000-01-02,-4.061905620588172,-0.9431993179148526,0.8337300430677766,-0.3435757379431235
2000-01-03,-5.199063260453023,-1.0888229707425983,3.265388837148542,-1.4717023256187836
2000-01-04,-5.0667278103461975,-0.9850808308587574,3.347480726500277,-2.290918963376509
2000-01-05,-6.1789790781315554,-1.5089714487208168,5.698467436957299,-1.7505874892210758
2000-01-06,-6.887259381885393,-0.3773727736179966,5.336705912247016,-0.4064453405538109
2000-01-07,-6.652838560063155,0.7157853165627994,4.855776078515202,-1.3149408289380389
2000-01-08,-7.820935499229527,-0.2933774124802342,3.381941127123894,-2.3415672578388262
2000-01-09,-7.764726495922419,0.7461482346873611,1.5003414359423366,-2.0914695545479183
2000-01-10,-8.681145463147956,0.9205294013001173,2.1754293827867492,-4.135344682659142
2000-01-11,-6.367907977552925,1.2523062054854437,1.4125217690479666,-3.852800699216172
2000-01-12,-6.518923655422008,1.496373519902564,1.221615184422755,-4.1950157637130685
2000-01-13,-7.278742332955774,2.042581683502168,2.2454942167668985,-2.7056361366353574
2000-01-14,-6.376258622456103,0.9495456411709162,1.3212804859878071,-4.16227701645266
2000-01-15,-5.65131441389514,0.656344952678527,2.8408657547945877,-3.3163366003287345
2000-01-16,-4.923320540157352,2.6210031963000793,4.598460404811817,-2.023486549402154
2000-01-17,-2.667648748985941,3.519702473983477,4.37532294463252,-1.7008901091789626
2000-01-18,-2.7418990176700713,4.063436925169884,4.297394434673778,-1.4589842970918125
2000-01-19,-3.0276248608414322,5.224125270397899,5.724252418141673,-3.3355842028462845
2000-01-20,-3.5831874526739744,5.5826400560851805,5.36482656290341,-3.3764820673330043
2000-01-21,-3.6971199006528987,6.0242044325317,4.353865311832031,-4.906269153447182
2000-01-22,-3.8279176848516876,5.712117608459599,5.422138168595011,-6.2389391098809295
2000-01-23,-3.1968343318111834,5.299453389187798,5.460784004105643,-5.312768637375848
2000-01-24,-1.37199839749579,3.5204812028991275,6.558083326337366,-5.673513353527209
2000-01-25,-2.095668211105783,1.5934827208770426,5.586701052084969,-6.425722730447699
2000-01-26,-2.052628732244149,1.0130991831412186,7.563470738973733,-7.336457407964076
2000-01-27,-1.1857846125167604,2.0355574766543985,6.918860236585117,-7.579162135809305
2000-01-28,-1.1847900249244492,4.441506329966558,7.349055950396887,-7.876037438180797
2000-01-29,-1.6153562548073153,4.747322949172898,7.665035726169191,-6.910180101540179
2000-01-30,-1.796448954692031,4.5275375986435185,9.272690212506038,-7.190772404342165
2000-01-31,-1.8551286037353905,3.237717949756819,9.256968158336848,-5.906443445597074
2000-02-01,-0.9838589201961576,1.5970208367920844,8.639873279870349,-6.531576795540408
2000-02-02,0.7434987635347394,2.11367050809046,7.603128157200879,-7.351013091068205
2000-02-03,-0.9401914804984948,3.237205216934607,8.571512665829221,-6.260982084140774
2000-02-04,0.21534086051086287,3.736568964523844,8.808990618007032,-4.739733776035235
2000-02-05,0.844033051333177,2.8702887949519136,10.176003455405871,-4.069247886997556
2000-02-06,0.238677951826468,2.775373202976287,9.624779180456946,-4.101751081292409
2000-02-07,1.0849603993867536,0.7879367398313806,9.55470957711453,-4.080631761878882
2000-02-08,1.2674919801258404,1.1609862708689722,9.926382951089385,-2.7592470078447153
2000-02-09,0.9047102346249057,0.7673504216252475,8.38412034577473,-4.139971247554403
2000-02-10,0.2710362864180874,0.7143210722818921,8.632941472719468,-4.508525603436935
2000-02-11,0.08020270958435649,0.8731702617492074,9.163157841588108,-2.6275418225556972
2000-02-12,1.2499141298370582,1.8605694160540511,8.910393671794996,-3.497536643219254
2000-02-13,-0.4142156662149692,0.12425844383991991,8.257040186378688,-3.5370435532617246
2000-02-14,-1.2504128931588487,0.13579508386050015,7.654860731569038,-1.9860776280251897
2000-02-15,-2.087560426156662,-0.7809560849685244,5.719450722159235,-2.5256282468224596
2000-02-16,-2.042695642979153,-1.803693757860416,6.069566661984851,-3.071610597005279
2000-02-17,-2.4865260402262153,-2.8278705403578446,4.046234203349917,-4.312608011955075
2000-02-18,-2.8266714343343775,-3.5071022652382933,5.831744437920887,-5.771619399969161
2000-02-19,-3.0765705513975794,-4.4712873310330785,6.035960995556701,-5.248897476162403
2000-02-20,-3.56107872278283,-3.0838963538936888,4.591063800459446,-6.847728032164671
2000-02-21,-3.2705307954985354,-4.2037440192585125,3.295131479847034,-7.941369547058324
2000-02-22,-4.0710158056685355,-3.1750875375911902,3.226283850763606,-8.598240849338488
2000-02-23,-3.7914154577477257,-3.6729965526992405,2.592501889343046,-7.963584641016671
2000-02-24,-4.034585379746449,-3.131340646052321,-0.1502730332193587,-9.230852863507563
2000-02-25,-2.1747798503263436,-3.357737484972387,-0.1361424739911085,-7.550167073319436
2000-02-26,-2.227858827498741,-3.2140374725295633,0.24185567092692048,-7.24318423425789
2000-02-27,-1.2712909881396877,-3.8219826372235675,0.7720392915836095,-6.661027645292671
2000-02-28,-1.7523747909866172,-4.286138703148369,1.5446514112109329,-6.893140628685774
2000-02-29,-0.5606641717040357,-5.757750578263123,0.6806201443486019,-6.693406975393606
2000-03-01,-0.44703283965301094,-3.719199832706216,-1.0408798981825136,-9.085500510153368
2000-03-02,0.5552387230217062,-3.9513849732641466,-0.17431035786834947,-8.316289884911907
2000-03-03,0.7536943681544848,-3.086258245402652,0.34585388731045685,-6.687013006100116
2000-03-04,1.6895268580504548,-3.189914619763605,0.5596891125094027,-6.706471406917933
2000-03-05,1.735820444968351,-3.9180235673949237,1.2338892185215222,-6.72434131843958
2000-03-06,2.0687828447666696,-6.255412594742989,-0.31005592942341464,-7.416688818331914
2000-03-07,2.5793717582812143,-7.282550268490263,0.508861453452877,-6.821636757717573
2000-03-08,2.0889714764797667,-6.506444468779915,0.6861317232086857,-7.068089696356432
2000-03-09,2.4762629059688206,-7.902767293150189,2.651660760182822,-7.2186437078461925
2000-03-10,1.489460664860566,-6.8930554657205825,2.4615996812309486,-7.73580677255856
2000-03-11,1.046441122176929,-7.671180410632366,2.802672928226423,-7.979226987012941
2000-03-12,1.7451133707586899,-8.4252402194268,2.6108060095591856,-7.751583887698633
2000-03-13,1.0501794060697631,-8.079002519994742,2.3875198449178154,-9.609644353521213
2000-03-14,1.1165312894400443,-8.279522981711837,0.3921685168781135,-8.843320529917024
2000-03-15,1.1524524630054118,-7.482225727917169,0.4498309728644079,-9.108591420581595
2000-03-16,0.5235251160495344,-7.997316196130064,-0.7245464799184702,-11.620333612152344
2000-03-17,1.4775653315877317,-7.5133182163850725,-0.9736827509279882,-11.337828346896414
2000-03-18,0.9137583261070878,-9.121127667050661,-1.5136593056337637,-10.997275367075426
2000-03-19,1.3023679524742693,-8.964501767173532,-2.5996859527643497,-11.719099747727633
2000-03-20,1.1856485799553427,-8.310703603965235,-3.291951197292051,-12.400985552001062
2000-03-21,1.3401164821806286,-8.286020979586642,-2.9252626814195444,-11.52653388856129
2000-03-22,2.0913853121692814,-8.721586532440034,-4.571641191833623,-12.557734531988354
2000-03-23,1.558912153504489,-7.542879763407971,-3.4077102088277256,-11.81720479077839
2000-03-24,0.8046669849791723,-8.853814018018822,-3.131446571737214,-12.433480818315045
2000-03-25,0.5698733681425081,-8.33132438124361,-2.818228117493418,-12.015805386603848
2000-03-26,2.427496855656463,-9.01093291999388,-1.643819985485826,-11.2313748693396
2000-03-27,2.9479673403788302,-9.008210646676604,-2.7880203470421847,-8.904786955119313
2000-03-28,3.1124408579111664,-9.990361078984842,-1.7831764993683832,-6.904270523585025
2000-03-29,5.6780926059620045,-9.682994404917185,-2.9762185838860296,-6.98682459354107
2000-03-30,5.770687804478472,-9.187051231198794,-2.5123822937870175,-6.05418884859425
2000-03-31,4.197692862941605,-9.52581827968864,-1.865741833052979,-5.610721267061987
2000-04-01,5.077074606912159,-9.884788262281466,-2.4252497451935247,-6.17646819283277
2000-04-02,5.373689202287607,-10.12930596644015,-3.1052850249673183,-6.214571764463351
2000-04-03,5.15809222997391,-10.304080210875044,-2.681377774762895,-7.804548117981332
2000-04-04,5.1747365120322995,-9.408222228711471,-3.494505348784377,-8.805375344789363
2000-04-05,4.783958626019176,-8.170942457108502,-2.453688612129433,-9.4418163516113
2000-04-06,4.637081264582825,-8.694501480286176,-2.8492041124082608,-8.328190296420143
2000-04-07,4.706280819365883,-8.548243482224265,-2.009721167560834,-7.113332738182164
2000-04-08,4.1774676214670095,-7.953902295426748,-3.229614651712541,-8.591001576928099
2000-04-09,3.226347118521417,-8.283412435316794,-3.052113530076663,-8.871597211411672
2000-04-10,4.035533718007297,-5.686882903756628,-3.6859176983514894,-6.480756586263894
2000-04-11,4.885084080206418,-7.517499735348397,-4.541070315834971,-6.602422193069869
2000-04-12,5.6988145729034905,-7.239380261059076,-6.154663774941316,-6.468124235550491
2000-04-13,5.485624557467688,-6.96284115378519,-5.7612183453987,-7.078780280398458
2000-04-14,4.855941373670063,-7.772041990510559,-4.647498710691338,-7.162609648100757
2000-04-15,4.9070295820952445,-8.853159429865617,-4.335682960533647,-8.974581110300896
2000-04-16,3.922916403255723,-9.029749163405953,-4.335958864242136,-8.248826962432343
2000-04-17,3.399598136288512,-8.65546224029494,-4.294560800058966,-7.9467172647034845
2000-04-18,3.0790790966320403,-7.493643129839377,-3.2479639567547833,-8.9631444275325
2000-04-19,2.7536749955623256,-7.357675210298524,-3.9141666478301236,-9.246800072679815
2000-04-20,3.167026767830263,-8.874885364998093,-1.84864795983593,-8.41200661011426
2000-04-21,0.8548543500383401,-8.307529730032128,-2.3973597962310382,-8.887305701612258
2000-04-22,-0.5334907982229842,-9.151848165579151,-2.1810178275480214,-8.986732701510272
2000-04-23,0.6330114348162756,-8.067411365411209,-1.5918573146786228,-9.452705161478969
2000-04-24,2.4942171363498487,-9.37770824398193,-1.9451603739853578,-10.49345358569795
2000-04-25,0.5425320108666671,-10.238334691664308,-3.0037804059082855,-10.660371226116434
2000-04-26,1.1552978665028206,-9.659013604939755,-3.1527615984891817,-11.310703498802983
2000-04-27,3.4554488073413214,-9.212552595999218,-4.271651829622577,-10.373818760555427
2000-04-28,3.9680300081043827,-8.146981326606074,-6.44728001938729,-10.173204645185715
2000-04-29,5.145941664329369,-7.410946444128662,-6.903756927956919,-8.779847524256818
2000-04-30,4.9409238543599665,-7.823574308145048,-6.885611541060918,-8.770705969828107
2000-05-01,4.84883704344581,-9.026000355206808,-7.449760274572794,-8.030826589208175
2000-05-02,4.253293604077783,-9.433685926435048,-7.453595405905104,-6.566630470478362
2000-05-03,2.3877572003230974,-10.620777679372132,-7.834504984388542,-5.141712392580995
2000-05-04,2.4562565963627923,-10.331265044686457,-7.523641119302762,-5.8303521333683905
2000-05-05,3.465680974321838,-10.711653020380778,-6.80627072850099,-4.641983660740151
2000-05-06,3.0126995788651687,-8.261126013427768,-8.147531710566547,-5.974833740606809
2000-05-07,3.0525406214470134,-6.687400110681279,-8.734866223366671,-5.703643320688718
2000-05-08,2.368240297243392,-6.811065188388597,-7.6962699182710725,-6.08833005676815
2000-05-09,1.7895915643575795,-7.041908552626147,-8.549457482564442,-6.350610951002296
2000-05-10,2.294126985378414,-8.043488715748085,-7.747099038879446,-8.054818716181389
2000-05-11,2.0056424915857525,-6.093182951971395,-6.948352517817554,-9.024092228443989
2000-05-12,1.7478604288083455,-6.006044077865037,-5.914269724866306,-8.012699484102205
2000-05-13,1.873283346944032,-6.179346584348874,-6.976046394697777,-6.934205221334386
2000-05-14,2.3068602264432183,-7.368537596082254,-4.881678087352215,-7.627099246173228
2000-05-15,3.100645256932264,-7.68125439599047,-3.155170387039788,-6.745583248733748
2000-05-16,3.2674041120143262,-6.986928293332486,-2.239329309465444,-8.033186284894033
2000-05-17,2.7276679031639395,-7.169105852753217,-0.1199845066202152,-7.668500909882774
2000-05-18,1.6926411000097115,-7.7277269823222845,0.5456223948558022,-9.035920506567034
2000-05-19,1.779436916641745,-6.913278710009124,0.29895192099847867,-9.206519437310172
2000-05-20,2.401720643702456,-5.022760567297289,0.4855820108084512,-10.57557286887707
2000-05-21,0.689290716538538,-5.327504150379371,0.8155312012237794,-10.233466023923956
2000-05-22,1.2911894978111413,-5.5736327461985224,-0.18991681615251954,-10.86805531622124
2000-05-23,2.9189601526191167,-5.301684905512289,-1.568853885736014,-10.163722644829305
2000-05-24,2.2274715359093644,-4.311291406364305,1.8842154635570612,-8.624243554198225
2000-05-25,2.5910288280019986,-5.489760707800596,4.126100921940977,-7.1879711832901805
2000-05-26,4.575557260739412,-4.96891164858116,3.83323510565046,-8.121261847562197
2000-05-27,5.980540291123632,-4.54408081389891,3.588271190487303,-9.755204981013536
2000-05-28,7.234575578663982,-2.677947647968717,1.3349487095552055,-10.299833819708109
2000-05-29,6.487706456403155,-2.908404008692151,1.2002547475444383,-10.07973665520872
2000-05-30,7.6862787814385065,-2.569958031720015,0.4293707799432477,-9.354458007158263
2000-05-31,8.342032117468808,-3.699449762167494,0.28110705532193514,-11.13234009436932
2000-06-01,7.912644993985866,-4.206196452807797,1.256321725814451,-10.834666286366714
2000-06-02,7.251082521539884,-4.369680617398453,0.48563620971075416,-11.989340051189824
2000-06-03,8.42134070904821,-4.216762954433479,0.4353946922771861,-10.743108150693798
2000-06-04,8.370212774109996,-3.0640004060176365,0.7405242069567197,-10.795330718614002
2000-06-05,8.305724080104943,-3.2670907938705116,-0.817955974901226,-9.788153956287545
2000-06-06,10.220499948869298,-0.6844577413443953,-1.2632843050027538,-6.989794881720181
2000-06-07,10.033718366834535,-0.07172331541326649,-1.6331632601109742,-6.600199363093664
2000-06-08,10.056350447759133,-1.3145084004869307,-1.7867781888009284,-5.984953016255717
2000-06-09,7.375090129209562,-2.4344794861168326,-0.15561560202195457,-7.095948689846197
2000-06-10,7.371618602373421,-4.770477276577048,-0.03069449089968318,-7.253507023104285
2000-06-11,7.418648890580153,-5.971826587312788,0.3230272694644219,-7.242520328412545
2000-06-12,7.144952767890345,-6.256303516561319,0.1345538622281112,-7.819416096775294
2000-06-13,6.473436852708265,-6.213300322120996,0.7221269009393574,-6.862048501777679
2000-06-14,7.092750272331201,-6.14570340234817,2.5609054313272877,-7.115032450072229
2000-06-15,6.22261766461295,-8.301561970038351,2.239048956200187,-6.79580656861161
2000-06-16,7.087979871498558,-7.981497052443051,3.1341016092634844,-8.285517399693559
2000-06-17,5.581817507765615,-8.368240045923054,3.010172259690052,-7.54930174065666
2000-06-18,5.44476883590134,-9.312038173544078,3.6630317659540528,-8.534416317289836
2000-06-19,5.719786550302702,-8.428974464695411,3.865888776041827,-7.826785177298254
2000-06-20,6.254079645515114,-7.470239734466219,3.6745360070813398,-8.321213950710076
2000-06-21,6.97698976818607,-7.340780301578909,2.7896997843762334,-8.566935675729995
2000-06-22,5.750351107915768,-8.078658611105247,3.269594816573971,-7.643483937977621
2000-06-23,8.097920641987194,-8.258626218121323,4.451225842616396,-8.479365713795064
2000-06-24,8.835864991342795,-9.79509895750601,3.727050642944887,-7.920897085744812
2000-06-25,8.21857552293415,-10.153048456599077,3.6591103485820304,-7.447389208292202
2000-06-26,7.095334537948373,-9.696760166790083,3.406480441601339,-8.107107656995796
2000-06-27,7.623006753548798,-9.549828411814543,1.6947636598001325,-8.08608886928271
2000-06-28,6.883857358026649,-10.344621276755047,1.522671153350838,-7.568318998755714
2000-06-29,6.943993373061629,-10.103558687027043,1.856109436104958,-6.240632920525329
2000-06-30,7.402227280304759,-10.496144383635961,1.7989465274301797,-6.577632087943674
2000-07-01,6.138187282382315,-9.30899940302691,1.588674036035548,-5.614990436788777
2000-07-02,6.241987067398902,-10.033572085267926,2.145236918729669,-4.192964345840046
2000-07-03,6.61888266196795,-11.368416174784787,2.904101590402591,-5.253105895133673
2000-07-04,8.197003898756623,-10.643912356910729,3.200530817061645,-5.3580155896609085
2000-07-05,8.59101806986866,-9.466402484533186,3.244417171708308,-7.206716745977069
2000-07-06,8.132304103338674,-10.67104577352572,2.1820500521884956,-5.224506404695475
2000-07-07,8.254554309078946,-11.82709788192192,3.0192253638755346,-3.4181986179263575
2000-07-08,8.900198691178439,-9.806681855982776,2.596746480456624,-3.4931435690028736
2000-07-09,8.56019714795707,-10.758446795515106,4.176916022441394,-1.700118511366991
2000-07-10,6.119728368597661,-9.995001692332083,5.214913595564982,-1.059175920616583
2000-07-11,5.656730909934152,-8.535321741364271,5.653660790287783,-0.3316048993140315
2000-07-12,5.6876222241493775,-8.77050891551824,5.1843209005074025,-2.058926666428209
2000-07-13,5.604609362786636,-9.398530114523993,5.063222290384114,-0.2363406061445168
2000-07-14,6.971789269405041,-10.15395463444126,3.463746070961499,0.592943847811795
2000-07-15,5.674910229366284,-11.2479046793233,4.9190627263295985,-0.07090384469912037
2000-07-16,5.487542332391263,-11.61792587829346,4.022739644547021,-0.25531082980435016
2000-07-17,6.736224831879882,-12.598025021003599,3.1544703586424117,-1.0158456705874872
2000-07-18,5.93593830868412,-12.806715938597353,2.0506238335068394,-1.108622510493856
2000-07-19,7.388418566583979,-13.600381679608066,3.154094197570662,0.4931944550760359
2000-07-20,8.590838269914611,-12.65191614415008,3.0075632170087436,2.2374305491161866
2000-07-21,8.710416008641603,-14.122834282984202,1.158328939040738,3.308609506944544
2000-07-22,9.268300663449407,-15.483189972910248,2.529629935608776,4.064673960919848
2000-07-23,10.018558603610641,-14.067469030223926,2.613849272920921,4.892688125963932
2000-07-24,9.27105609980721,-13.635289328503404,1.7237882216233655,3.9181410522377806
2000-07-25,10.99395666954826,-16.20373158709565,1.9478544972580354,2.6407446980351463
2000-07-26,10.445800650337855,-17.672949340021976,1.4306771487503436,0.7177677235618236
2000-07-27,10.276042024233185,-18.718886456149143,-0.07746556054557607,1.3589778712675953
2000-07-28,8.039247413854497,-18.064160922992023,0.0533006371328775,1.4806383651849344
2000-07-29,7.238552239926382,-17.603072523210624,-2.205623016042532,1.363472593006574
2000-07-30,5.5853774108502625,-18.287438795072447,-1.4773551942652023,1.7291968928805708
2000-07-31,4.999474208621903,-17.96969562009646,-1.3815885942995876,0.556816097555803
2000-08-01,7.346136679924822,-18.41874926467917,-1.3953397966155296,0.5754321954720141
2000-08-02,7.769623603519487,-18.649975276916926,-1.9907118008131728,0.7221581548851923
2000-08-03,7.162493912824376,-19.215547892893195,-3.0213619395066247,0.2220453258962818
2000-08-04,6.719900529470467,-19.264782976693482,-4.728396629920893,0.41409629833441747
2000-08-05,7.467839548017145,-18.23861067456689,-4.447492940079085,-0.565504981732462
2000-08-06,6.960045528852741,-19.491887778576537,-4.333118168905437,-1.7000606912920049
2000-08-07,6.014260233312685,-17.513809144024155,-3.959752622211199,-1.2640029620828621
2000-08-08,6.13901388483259,-17.604253698685856,-3.4218296080906705,-0.8802223059916752
2000-08-09,7.30137944855362,-18.080372305228902,-2.8875938850839957,-0.5777291809898448
2000-08-10,6.6083916789579185,-16.84937654852761,-2.6789328841524362,0.29633180190842856
2000-08-11,6.582809396094615,-15.802815721471735,-2.3258504467237597,-0.6395315897320253
2000-08-12,5.410348855035253,-17.179191833014688,-3.7838470579777006,-1.7866505023163584
2000-08-13,6.406500158741454,-17.328988039370323,-6.63643851188125,-3.308283192379881
2000-08-14,6.910017381077318,-16.399791519297686,-4.356348678364298,-3.8306691802683686
2000-08-15,7.715025965506342,-15.20991245175463,-6.002699581475402,-2.8459947910776338
2000-08-16,7.367469664224111,-14.570443057643043,-5.398838617308355,-2.3378413843430317
2000-08-17,4.250008229600202,-16.027939307674682,-5.439249446956495,-1.913215502415918
2000-08-18,3.4025275617935042,-14.676303874344896,-5.782715132067533,-1.807124718913389
2000-08-19,5.60354719945879,-14.750671533888108,-5.2021594683529715,-1.9326364491729773
2000-08-20,4.858958366364106,-13.758010728067218,-5.147274985767083,-0.35986119608436584
2000-08-21,5.483758768667089,-14.56511461735832,-5.4325912082475885,-0.061335423763923425
2000-08-22,7.269659663999093,-15.582555157821067,-3.868049323513595,1.0884941223770317
2000-08-23,7.516633926696433,-16.816411754906504,-3.8178976983288258,1.1202553740228347
2000-08-24,7.693540704178368,-16.86881813452759,-3.736260561550657,0.9379554821485354
2000-08-25,7.559089871929184,-16.16227704460597,-2.610849758448567,-0.742911949351704
2000-08-26,7.759121096879805,-15.257620621449497,-2.1463450168978095,-1.376522953177233
2000-08-27,7.828011491223938,-16.63313575439377,-3.5998385313859043,-0.5599168081702282
2000-08-28,8.40186802149017,-16.42100633665617,-3.8784351636067735,0.33159352172717393
2000-08-29,7.9682851514931485,-14.368241912306985,-5.375636073352034,0.05159190407697445
2000-08-30,8.357512565784342,-15.1203488242271,-4.629846061416339,-0.9536391952450048
2000-08-31,7.764385312900228,-15.209759433513014,-5.895306506380409,-0.3383285543640181
2000-09-01,8.147456915444986,-15.459196780897724,-5.4448219675463445,-1.721355400809264
2000-09-02,6.8179734819959945,-13.730146704648273,-5.0077834963321015,-0.8591919060898788
2000-09-03,6.926605552127356,-13.791288753394264,-6.451549171254912,0.008068625942581398
2000-09-04,6.615167824261936,-13.234972945898829,-6.500949811273949,-3.0491538577899884
2000-09-05,8.934538890453354,-14.240775609284734,-7.128888964824304,-3.4569285174034494
2000-09-06,10.970182784121205,-13.760063137793349,-6.930450743684498,-4.5473508717498605
2000-09-07,11.806474216117383,-13.291774474282809,-6.494209149909764,-4.351421658321785
2000-09-08,12.155989461038715,-13.668072375267514,-7.776197887409331,-2.833030564195088
2000-09-09,13.187025588110403,-14.413006293371803,-8.057770743412425,-1.825451538453275
2000-09-10,14.95569645723715,-14.230950582124743,-7.969994199504529,-0.05181286001924712
2000-09-11,15.313629431169678,-14.540014585100819,-8.125980838766774,-0.9317561225582632
2000-09-12,12.996741055365781,-14.379171621989524,-8.363605770165986,0.796070733525649
2000-09-13,14.20968734425191,-14.985483451472929,-8.536837196068339,-0.08871647631552815
2000-09-14,15.253067876275228,-13.75486702006359,-9.292259219379048,-0.49914763886633357
2000-09-15,14.174151095164968,-14.587415744660651,-9.835980505866445,-1.5017021365582195
2000-09-16,14.577677108826286,-13.64914930554352,-9.324035904160736,-0.10552152845829621
2000-09-17,15.295538747149088,-13.316150202208139,-9.64844274843298,-0.31465736218092244
2000-09-18,16.26161331320602,-13.800184406262845,-7.3901020573760485,0.8313420536847825
2000-09-19,15.862624203648974,-13.70142219830787,-5.390815019343104,1.1493913617105846
2000-09-20,15.013035838717046,-14.039921753526228,-5.7185652160586145,0.22472551365078908
2000-09-21,14.366262786259142,-12.65508313854746,-5.800934718791029,-0.8424454454004202
2000-09-22,14.580755737317725,-13.0572145919684,-5.1537698690123355,-1.1361015728138457
2000-09-23,15.519841544794469,-14.201431615696528,-7.045912052604879,-2.6081684145772126
2000-09-24,15.551514891650543,-14.777685592100156,-8.946413351298391,-1.1895594182717726
2000-09-25,15.746228302305534,-16.144083572274624,-9.598438115190103,-2.2722606599952697
2000-09-26,16.191198475318423,-15.62665713834344,-8.540647590538095,-2.3483182962709357
2000-09-27,15.460836083680391,-15.243258599105099,-8.362140964161533,-2.9014523778796892
2000-09-28,14.57940949651623,-15.410658210826636,-8.53147846886883,-3.221645411354613
2000-09-29,12.868104887600987,-15.731984683467466,-7.034320556307248,-4.159847441541702
2000-09-30,13.7682097752528,-15.754410715474586,-6.84625981832509,-4.5080676643058775
2000-10-01,15.23941529690059,-15.047109094440332,-8.011265291212755,-5.035368506547948
2000-10-02,14.101998369361858,-14.557543687549526,-8.589408468464603,-5.263708614951868
2000-10-03,13.044506433402818,-14.278719152680313,-9.903798403207091,-3.6952228874002078
2000-10-04,12.895697377417804,-14.853039955873886,-10.122163276101974,-3.256173426722894
2000-10-05,11.583445974226564,-15.30065397350538,-9.9904467578613,-3.5896741506744556
2000-10-06,10.951147024848964,-13.307851905704169,-11.251280858835441,-3.213618736297653
2000-10-07,11.399732537772547,-13.228392548515297,-11.298511976329726,-2.4903078988979166
2000-10-08,12.019431029863576,-14.229441966942527,-9.98732374058941,-1.7662424024642147
2000-10-09,11.861457808568238,-14.294269144230029,-12.294056389859868,-2.8919314978217536
2000-10-10,12.366986644911679,-14.889116404624163,-13.878418580942352,-1.866283813756671
2000-10-11,12.723247553220714,-13.235383434009144,-12.553715066436787,-1.7316607905131138
2000-10-12,11.674667036128644,-14.328402990841875,-10.947452121756966,-1.257667956364177
2000-10-13,11.67987826838475,-14.765684507834216,-12.470554029265198,-3.0128258220918114
2000-10-14,10.67907163754902,-13.430610387455602,-14.30221281088874,-2.8308809213911807
2000-10-15,11.960464512754161,-14.865913125702654,-13.646369512009807,-3.4471569262607558
2000-10-16,9.152093961708053,-15.71418901996275,-14.399628996078848,-3.541631050957705
2000-10-17,10.136211602723925,-17.11061661441458,-13.611440581195918,-3.9484345300994295
2000-10-18,10.090468436687138,-18.002299473727945,-13.23211879231804,-3.301471621320154
2000-10-19,10.437160390268875,-18.183235144649313,-13.059299206300608,-3.195341954519367
2000-10-20,10.309024494031283,-18.135068480221776,-13.119482453640078,-3.5512710036171087
2000-10-21,11.313939339374793,-17.87058768870248,-13.808786196465523,-5.333907479193323
2000-10-22,12.317313425592301,-19.169338278150605,-14.488263538119048,-5.103505081480741
2000-10-23,11.97133943265928,-19.028448886323797,-14.567705377946961,-5.514241052161807
2000-10-24,12.034081537485186,-18.801342907963054,-14.510183165397045,-4.810973227775709
2000-10-25,12.341502208904167,-18.87778817698785,-13.9951046836852,-4.17655680228722
2000-10-26,11.84379336139921,-20.147994616246947,-15.68015421279243,-6.368307443302105
2000-10-27,12.458169932832387,-21.03062875126337,-16.289154086638508,-5.624901000470622
2000-10-28,12.058427214230669,-19.037335859580068,-15.610859268939606,-5.790945705763671
2000-10-29,11.680634019242037,-18.59568513999226,-15.208190416920505,-6.060460558159816
2000-10-30,10.95171828672977,-16.835039964607553,-13.334180765872043,-6.839255963607811
2000-10-31,13.065982979074077,-18.399659635339123,-13.561371748246897,-8.553309905148446
2000-11-01,13.342844337866987,-17.472560247649454,-12.772454557515076,-9.636907716987746
2000-11-02,13.09145209986066,-16.368539210623517,-12.863394071832964,-10.158502990134279
2000-11-03,13.016327735212066,-14.932605770393018,-12.834551947338658,-12.024197174378203
2000-11-04,12.152329802515998,-15.570338149130674,-12.88530818166598,-12.7073613065608
2000-11-05,11.756860702941689,-15.782815834475738,-13.913319507132307,-15.347970673068513
2000-11-06,10.907263463026164,-16.458251349764765,-12.024266554919123,-16.327035931451157
2000-11-07,10.224354847416942,-16.62950184033618,-12.884758410052873,-15.493698388343494
2000-11-08,9.523620581020609,-19.05791925276455,-14.506655294225649,-16.339518824555853
2000-11-09,10.305032553463072,-18.337528890616912,-14.618431170912464,-18.528303940998434
2000-11-10,11.488511041111726,-16.984998406180594,-14.936284984695677,-18.067249014729466
2000-11-11,10.513165797859289,-17.537803563896265,-16.162570084142292,-17.7110773902721
2000-11-12,10.746977423266227,-18.976196320543682,-15.775641634831304,-19.2116489562257
2000-11-13,11.18888451762959,-19.32195931951587,-15.11576709847877,-18.630558944490282
2000-11-14,11.736669596416524,-20.62923379230783,-15.899325844261995,-17.975481284290073
2000-11-15,13.094479683260161,-19.443145176307993,-15.978526999069999,-18.85875728152168
2000-11-16,12.32064216899118,-20.082642227730794,-14.700715743109663,-19.14401444977969
2000-11-17,13.310361063618226,-20.605117288456338,-14.255614513024609,-19.052957368999987
2000-11-18,12.965653584390864,-21.728649602864124,-12.651969512866886,-18.864468062808672
2000-11-19,14.497428489767318,-21.91805104228869,-13.001683693372296,-19.28936596512502
2000-11-20,14.752156930235328,-21.907685794879423,-12.843643615714042,-19.625775089186934
2000-11-21,12.171991375485621,-22.68286489466009,-12.51379390599747,-20.738812419909543
2000-11-22,11.024258815017795,-23.543019751206725,-13.614756030270577,-20.343889781986775
2000-11-23,11.720644919857515,-24.48733423523686,-14.324026400713741,-21.74801046496354
2000-11-24,12.353101973377312,-24.684888647348853,-15.094194036936873,-24.241817355600812
2000-11-25,12.460215258900753,-24.826737700845065,-14.81187634501854,-26.945775937399475
2000-11-26,14.296062102444425,-23.315938286603977,-15.229119173748645,-26.194860393149668
2000-11-27,14.837257839545883,-22.26665926243755,-12.90220123614684,-26.288205444396503
2000-11-28,13.080593944518368,-23.19769939925087,-12.453973268027065,-25.99739754729503
2000-11-29,12.357234476265372,-23.691336072082283,-12.816095663122274,-25.852325731022397
2000-11-30,11.685184858810302,-24.350766278276613,-11.61050371771926,-26.11064587149708
2000-12-01,12.019524290358705,-23.776967548560926,-12.547063894552188,-26.47911507119009
2000-12-02,13.735809026894215,-24.721277059960666,-11.977506226687664,-26.80248243389294
2000-12-03,15.871994902064076,-23.677302772105364,-10.293906116897796,-25.998366320029596
2000-12-04,16.4754219741404,-23.806813760702266,-8.090453295297287,-27.18699499277404
2000-12-05,16.857060545293642,-23.55198147699944,-7.529374110284414,-26.554529082751944
2000-12-06,16.480773097318288,-23.78272678743881,-7.530258092119019,-28.031412133565205
2000-12-07,16.456532330798257,-24.12462492295675,-5.625621982339343,-27.633777753749396
2000-12-08,16.598850780807986,-23.73111303053788,-6.247793992286705,-28.342633974725224
2000-12-09,19.261514257529925,-20.994997783482656,-7.996657860355799,-26.15184285574413
2000-12-10,20.427701487346116,-22.02182721265984,-6.991630892715654,-25.95707667298614
2000-12-11,19.42311826493809,-21.309569139426333,-6.87554138836604,-25.275439534371433
2000-12-12,19.573878632010796,-21.203255929312046,-6.9154049490069,-24.691609010352412
2000-12-13,19.510800572834114,-21.486266429031197,-8.572687606530105,-24.884024132472558
2000-12-14,17.872965056457197,-21.04506230263961,-9.448762164125217,-24.92277519757638
2000-12-15,17.748016796721256,-20.068926301015882,-9.008545710978524,-25.28427044730969
2000-12-16,17.682253870862183,-20.488284133693064,-8.69462131087697,-25.341005680767122
2000-12-17,18.625692186800947,-21.13787238229189,-8.731293593046075,-25.076057335834033
2000-12-18,16.49475694244074,-20.77228322048737,-8.6801849761257,-26.433015192971805
2000-12-19,17.150561036803378,-21.073297446359902,-9.015285619862084,-24.591819534794627
2000-12-20,17.3860332114906,-23.089062965673588,-8.926051792651158,-23.653776808435296
2000-12-21,17.572998143966,-23.202379741496443,-7.703197906815883,-23.97110322114807
2000-12-22,16.80238701374437,-22.821421599444573,-9.034279332043555,-25.175437019222247
2000-12-23,17.162999568891596,-22.52651088732622,-8.884646148406297,-24.987323252820506
2000-12-24,17.061301042772204,-20.51896568858299,-8.804988493821838,-24.35178471152187
2000-12-25,17.172814821048867,-20.96115825638035,-7.837816421029413,-25.46357750349571
2000-12-26,18.646982257889608,-21.172889136282162,-8.583730636375705,-25.15830419600159
2000-12-27,18.898628036516833,-22.055526470464475,-9.396479947469988,-26.11661341510084
2000-12-28,17.209914697490575,-22.733208306426558,-10.38210044004763,-26.6231673099246
2000-12-29,17.692637447545607,-22.55641019105211,-11.130814934510477,-24.12975294557499
2000-12-30,18.747705546938388,-21.45308985149321,-10.801350403518967,-25.4089359770277
2000-12-31,19.694161245967585,-20.951267354968834,-12.349046536960687,-26.295006400839206
2001-01-01,21.762034323863382,-20.979666934684694,-12.898985092808502,-25.281377109899072
2001-01-02,22.626297412885354,-21.579122930130378,-14.117367276176404,-26.530354593922343
2001-01-03,22.56288042450368,-21.92664805679209,-15.563623377653208,-24.451138304795673
2001-01-04,25.475968570931332,-23.425627373640157,-15.532307932804294,-24.418216096043142
2001-01-05,25.294982437665777,-23.262811744278707,-14.389610052342201,-23.785779210136308
2001-01-06,25.676236223744908,-23.463613772689293,-14.3120113225857,-23.660036055666623
2001-01-07,26.872766479176704,-24.300334837109006,-15.065273944372242,-24.88150948399574
2001-01-08,24.744796975383863,-24.888624474068706,-14.248198947707506,-26.29180276027268
2001-01-09,24.20726335920246,-25.049023810600907,-15.447891009727734,-25.524224356630643
2001-01-10,23.86642464676426,-25.531143919044087,-15.015059485018096,-25.111559835474164
2001-01-11,25.333470142657102,-25.920327372461532,-14.875375014065257,-25.453440812001908
2001-01-12,26.432266465902753,-26.248261186376578,-15.699549548361984,-25.168267050585143
2001-01-13,26.102544324638064,-24.831963137169826,-14.746347747520923,-24.51021007830401
2001-01-14,26.039640431576437,-23.85599153425826,-16.770682658085114,-25.115337084965716
2001-01-15,24.63082788203984,-24.25515017408864,-17.699649209433723,-26.809223211032595
2001-01-16,22.91808069708685,-24.63967191555807,-17.864192334222047,-26.45979535386659
2001-01-17,22.79347403534364,-23.80600695626076,-16.546023727636776,-26.686166108753664
2001-01-18,22.786912719888612,-24.48284827197427,-16.094027461482845,-26.71128128341943
2001-01-19,25.02221944304159,-25.96715937871588,-16.056193808711697,-26.360128100196107
2001-01-20,24.220935577104804,-25.96208223312533,-16.043317915867384,-25.5517468130323
2001-01-21,24.84819729394066,-26.889313838004295,-14.836821933038777,-25.16677412163108
2001-01-22,25.47553260667193,-28.38561881401817,-15.26476668591104,-25.90393476049852
2001-01-23,24.471098980991314,-29.619469792776055,-14.744450013821151,-26.009283416847698
2001-01-24,24.452559450498832,-28.28614977274654,-15.45163957528683,-25.80271766980538
2001-01-25,25.21832393265812,-27.610631040019634,-15.696071477507937,-24.445603353482063
2001-01-26,27.077438058689605,-25.96545393184824,-15.602489455278949,-23.74464360632617
2001-01-27,25.650391933628228,-26.108858047828736,-14.437979061207399,-23.11896298498774
2001-01-28,25.241738929989054,-25.791345020469922,-15.661336644601164,-24.18410603651596
2001-01-29,27.288594295738577,-24.810182165650417,-17.671199170704742,-23.533479362224515
2001-01-30,25.293475820425048,-22.79391200787936,-18.611580394324974,-23.53951092374792
2001-01-31,26.105063269561583,-21.723185358053115,-17.592569947633848,-24.114487382816428
2001-02-01,27.085201912959995,-22.24101733841564,-18.066926150802946,-23.80018503038442
2001-02-02,26.545349107135415,-20.477410102163724,-18.422936351406868,-24.987057165824933
2001-02-03,26.12787524188283,-20.971131768489155,-18.587588132157393,-26.320340128679312
2001-02-04,23.597713748087337,-20.327666747030737,-19.06033489373248,-25.286719718313986
2001-02-05,23.13791018166899,-18.87293384993205,-20.214882551312993,-25.476006698714826
2001-02-06,23.741232064814085,-17.985645970108965,-20.67118211162779,-26.123514688986543
2001-02-07,23.700386966280092,-15.995659224663278,-22.050892596089795,-27.378847692133274
2001-02-08,23.171726870379644,-15.726773593072084,-21.620570689649266,-26.769222295527356
2001-02-09,23.044707403712675,-15.864574942001749,-21.92657718993501,-25.8822379360493
2001-02-10,23.76016554901421,-14.923199331215056,-20.70891364450857,-25.484506089855046
2001-02-11,25.238887950083317,-14.340420484759326,-22.036416649846686,-26.737561627009743
2001-02-12,26.322670132646415,-14.41453367109624,-21.986143212482446,-25.378648700096644
2001-02-13,26.284886475058226,-12.85549914311449,-20.741547927958045,-26.52469045675708
2001-02-14,27.459734572990673,-12.67674132395713,-19.387194527563537,-27.40983156204551
2001-02-15,26.86063756170974,-12.666203090320208,-18.869188925126615,-26.81363132857359
2001-02-16,28.56493751604824,-11.922260678890884,-20.697412446238133,-26.478396904450832
2001-02-17,27.765810847328346,-12.41457309957508,-20.144372539962614,-25.202676232201913
2001-02-18,26.826347828015724,-12.206804924204695,-21.280840693867965,-25.381987594735957
2001-02-19,27.193592975854187,-11.873539788223558,-19.953167677687805,-25.533199703003838
2001-02-20,27.660715696728104,-11.392790060623947,-19.435900870570286,-25.649155852417287
2001-02-21,28.804462220292976,-12.635286827094985,-20.594179792854845,-25.770409900054066
2001-02-22,28.038301863894443,-12.860080272185341,-21.326534207362748,-25.013773237609495
2001-02-23,26.53598201087424,-12.671829684770875,-21.518648930192747,-24.87841926350392
2001-02-24,27.44419427832872,-13.819231133263964,-22.510527381749586,-23.996505423800393
2001-02-25,27.61379614450994,-13.411306672139998,-24.128447205122015,-22.3680346587944
2001-02-26,28.848915207009487,-11.518851164857361,-22.954003099643664,-23.654710267019233
2001-02-27,27.938381764084152,-12.92762545878601,-21.919487251021845,-24.190526332763962
2001-02-28,29.476434106922852,-11.904843209237388,-21.413369044352713,-24.949882975241984
2001-03-01,30.41597543579965,-13.044501428444244,-21.232087709180522,-24.917895851195208
2001-03-02,29.75643100694476,-12.525980269613823,-23.435053406490432,-25.31487520851033
2001-03-03,30.452315835470063,-12.435428398144543,-23.99452109936433,-26.731145855912345
2001-03-04,31.36521466063483,-12.050816374945365,-25.135292030447996,-26.39085200090347
2001-03-05,31.723390118686176,-12.177188295907174,-26.904124944628474,-27.362828890055944
2001-03-06,31.523132460378193,-11.494394582147443,-28.32690425014491,-26.377816171206316
2001-03-07,32.22217441061632,-8.825731165502297,-29.270145543540146,-26.90687508515262
2001-03-08,32.667048945284954,-10.017505916429817,-28.861047980204013,-26.449623418570393
2001-03-09,31.556155852788727,-9.04535515669403,-29.166760528438363,-24.94290866614631
2001-03-10,32.5159258869511,-10.870252192866252,-29.511605897982196,-24.264576655663706
2001-03-11,32.657982964328454,-12.430851009050638,-29.058582767273077,-24.985303308589273
2001-03-12,33.46957646647717,-12.192256360822878,-29.22173073810019,-23.517720230164677
2001-03-13,31.94291162206001,-13.297386907696042,-29.298570278087364,-23.80973060492653
2001-03-14,33.19750536540568,-13.748486274858921,-29.158309870624983,-23.519956176495505
2001-03-15,34.443743086366005,-14.060407018713047,-30.218718353689557,-22.543290815793583
2001-03-16,33.737073601780736,-11.817143917414107,-30.808372502862763,-20.643657343655523
2001-03-17,32.81070558954723,-12.191612654936293,-31.613747858192212,-22.336619322702848
2001-03-18,32.39914922751673,-14.17376198679263,-33.942807831226574,-22.71380024795048
2001-03-19,30.92086662059544,-14.72553799146061,-34.61793194799749,-22.97349858265545
2001-03-20,31.26599876232473,-15.57682071157706,-35.1323816700042,-20.335315042272704
2001-03-21,30.765018243005763,-15.433133675360663,-36.697062161711564,-20.316650278803234
2001-03-22,31.337939662873705,-15.361896108281563,-37.32143451140268,-18.63570154281483
2001-03-23,32.01328507868979,-15.030365866763931,-36.29316794017006,-19.039326887573004
2001-03-24,30.8847876610481,-14.698073813081677,-36.72165199371088,-20.72647761100185
2001-03-25,30.30843464808848,-14.271808748358701,-36.89718496223109,-19.75965140539784
2001-03-26,31.34848665777475,-15.13732843848288,-36.10463178976032,-21.737447745050645
2001-03-27,30.520304628258145,-13.33691659481603,-37.01810654309725,-23.290858510050032
2001-03-28,29.292716703515183,-12.945396927362108,-37.701972595127536,-23.962894955924657
2001-03-29,29.418753538269318,-11.365953368947324,-38.062611998336095,-22.256822548821845
2001-03-30,29.784737904442007,-9.98700314550434,-37.92298753001071,-22.392569078207067
2001-03-31,28.93443580212433,-11.376455813516447,-38.52106958247751,-22.38197466005482
2001-04-01,28.62960630808507,-12.802738463972325,-38.726874833047965,-20.864266497005925
2001-04-02,28.081453892945472,-12.722822429777993,-37.85776531622201,-18.228763612123615
2001-04-03,26.592338657748456,-12.654404162245745,-38.47641528198817,-19.209396481754702
2001-04-04,26.41186137290328,-12.704044132437625,-37.27322773792641,-20.765574021340928
2001-04-05,25.021056173106672,-14.068982196165791,-37.529376953110166,-20.973795614456012
2001-04-06,26.563453182074973,-12.763739162056346,-36.988185744554045,-20.857424394861983
2001-04-07,26.885526590046062,-12.23532830878658,-37.81610782434135,-19.8150101735468
2001-04-08,27.205186018668606,-11.998282332557258,-38.79746725429875,-19.471768630843588
2001-04-09,28.145113254803537,-13.04634483686557,-38.77409168973132,-18.647658829280385
2001-04-10,29.006367543396088,-14.047588864640892,-39.56471916098438,-17.33499997275842
2001-04-11,30.590576966879574,-13.350474001948454,-40.20731902432011,-17.501231657354534
2001-04-12,29.658238155247847,-12.554528545391033,-37.8704261360393,-16.168549057148432
2001-04-13,28.54041045012135,-14.378773181216793,-36.94351332600484,-16.303877083924608
2001-04-14,29.50047353877228,-13.470843867373956,-36.72881250033157,-16.67348264469938
2001-04-15,29.07736328239812,-13.393045253803042,-37.22072508865235,-15.786262408516517
2001-04-16,31.284677181519207,-14.322093759961705,-37.219904421189554,-14.67621219986386
2001-04-17,32.312977925587134,-14.994662516630893,-37.1804061644695,-15.837559710296553
2001-04-18,31.133211838309833,-16.809245287642064,-37.5766592911573,-15.786460579155975
2001-04-19,31.832706957390897,-16.719104050311515,-36.94939761983806,-16.9713436932413
2001-04-20,32.27443045329703,-15.22603746009352,-39.468674059426526,-17.026111213885688
2001-04-21,31.593181873889005,-13.125890155592304,-38.29669380176271,-16.438070530515656
2001-04-22,32.23775162556601,-12.988968472522817,-38.75691217164299,-15.177899685245814
2001-04-23,32.375351679827624,-14.004767187665479,-38.21154991423232,-14.825698401726239
2001-04-24,32.97005912097426,-14.784960006853296,-38.79923548095458,-11.544522383265067
2001-04-25,33.720266778945415,-13.211996793149213,-39.0561098194318,-11.476651695789643
2001-04-26,34.16266143076911,-11.390345470146995,-37.86029044019186,-12.20890058475793
2001-04-27,34.243120839439435,-8.669337361840624,-38.027364559829955,-11.4939860442714
2001-04-28,34.07048973525833,-10.542424708425632,-38.429951691372835,-11.685953081484659
2001-04-29,34.46794912109112,-11.769430316776926,-39.64002790642468,-11.827583650459916
2001-04-30,33.309595240291415,-12.610434618328076,-41.5657960005433,-12.034268477454404
2001-05-01,35.11290968789679,-11.681188773112126,-43.70595846440613,-11.434212633401277
2001-05-02,34.277746764961464,-10.637294304247867,-43.58195994659119,-10.60305739613378
2001-05-03,33.93849214744439,-11.090433825286002,-43.232069661864955,-9.385204433326145
2001-05-04,35.08505230773989,-11.235949293408897,-43.836332557667944,-10.83079318235615
2001-05-05,35.59128184062158,-10.670263739234192,-44.97002532133611,-10.586505122894012
2001-05-06,33.94159630295498,-8.837761534302688,-44.43771059228562,-9.669754344787833
2001-05-07,33.00782659359074,-9.424602876560247,-43.973521704848274,-8.705957442716151
2001-05-08,32.380159600404546,-9.312564164660415,-44.11831728875722,-9.45967220555937
2001-05-09,32.92953836578747,-9.480944387886673,-44.690876027814014,-9.791741619666556
2001-05-10,32.60363397580383,-10.60076310235845,-44.4528066806566,-9.84446642769428
2001-05-11,32.34521335785882,-10.241802094231057,-44.122567722791665,-11.159656698084767
2001-05-12,33.734612055732605,-8.671775429167056,-43.62689024063436,-10.109999590940934
2001-05-13,34.30170291138812,-7.9777423408726955,-43.39497206139857,-9.473323357244203
2001-05-14,33.73367278410173,-7.166869376448645,-44.99141174752136,-9.834030350717866
2001-05-15,34.91749095488618,-5.5283148496389085,-45.35883615508661,-10.758846329195478
2001-05-16,33.68112354509382,-6.432518926515744,-44.82514264478126,-9.489589320258583
2001-05-17,33.50623108502616,-7.070408269701935,-43.10794421028145,-10.868719101604356
2001-05-18,32.95874125022594,-6.826584762389973,-42.567078419058,-10.579899771099916
2001-05-19,33.51103831333084,-7.980689668012149,-41.750100486755045,-11.976299753097706
2001-05-20,34.64407183462019,-7.651091053627788,-41.8107736297975,-11.593856657866985
2001-05-21,35.19181446396037,-7.76130122076135,-41.04889709802618,-10.791586834831906
2001-05-22,34.436042029078536,-6.881164348167866,-40.52599354664589,-10.964241751759777
2001-05-23,32.64195947600138,-6.878293037094586,-41.615867428913056,-10.471305185589472
2001-05-24,34.871968061369174,-6.951794571068822,-42.09053483608448,-12.597581029306555
2001-05-25,33.892668326631416,-5.312846608603193,-40.706684886866945,-11.191547191162973
2001-05-26,33.45169544243807,-3.0756228011382456,-40.294975312932685,-11.172756912986067
2001-05-27,33.3512199132933,-2.2169606040419447,-42.249531880152254,-11.163892389376867
2001-05-28,32.99070469232305,-1.4740465604449708,-43.26796354180523,-12.766318133785846
2001-05-29,33.51511801729499,-2.368312934117517,-43.70927439921263,-12.052887764873635
2001-05-30,34.5161931161245,-3.4402986310908705,-43.66862174267586,-9.751089362664356
2001-05-31,35.14107601065274,-3.250412079519502,-44.392845512799255,-8.300797220995992
2001-06-01,35.53011001470864,-4.722206054137777,-43.487084130157164,-8.690488078850835
2001-06-02,35.73031166337799,-4.487670373133629,-43.14475814720135,-8.756770270528468
2001-06-03,33.267178775701694,-4.2444043840891705,-42.51635219979304,-9.36565340110267
2001-06-04,31.535712423803798,-4.548303752202598,-43.11960254100176,-9.414046860706046
2001-06-05,31.42284077167705,-5.298589059097458,-42.871792190513546,-9.730222073876115
2001-06-06,31.18933072598605,-6.052995990520678,-42.40547927193284,-8.34348400090271
2001-06-07,29.87554380964274,-7.751493524833993,-40.67990652847507,-9.101770343505983
2001-06-08,31.825846656237076,-7.21078513209199,-40.98483395732434,-9.340189730751664
2001-06-09,30.87431209913183,-7.662137829031978,-41.404286970480875,-9.658984936045906
2001-06-10,32.03692402346225,-7.438765713621949,-43.075638603404,-9.667208520582511
2001-06-11,29.888973854635154,-7.22140857349914,-44.66131774422934,-10.55979587378282
2001-06-12,30.46127097518401,-6.692294407307067,-42.44763883339318,-12.264394933518656
2001-06-13,30.29519786324366,-6.208876784480647,-43.76800305392979,-12.846930948458903
2001-06-14,30.804612914701874,-8.23780738662797,-44.19355871584613,-12.746951054273296
2001-06-15,33.13178528289978,-8.527641356403883,-44.054186472947045,-12.504393809158248
2001-06-16,32.11930922829029,-7.825847024644167,-43.5999484047027,-13.717656021944958
2001-06-17,32.17681269967808,-7.491411166491246,-42.057066614796156,-13.836403774685804
2001-06-18,33.68892605854452,-8.430400218694803,-40.857223398326184,-13.271525735669453
2001-06-19,31.78476986453906,-8.121413457679662,-40.45381031996894,-14.095487195372248
2001-06-20,32.33126102542818,-8.190881514991469,-40.31427315280477,-13.876546841469146
2001-06-21,32.01371898359651,-7.530221887108404,-41.64201099078289,-13.595447844641674
2001-06-22,30.561483377747184,-7.879171463663605,-42.60763181136594,-13.46600569121909
2001-06-23,31.228635051496525,-8.695885158354283,-40.76288615611821,-13.054838203715848
2001-06-24,32.127021663339136,-9.68150154654193,-40.145586659175,-13.6006970775646
2001-06-25,32.04445254023614,-12.300062576219924,-41.50852042674167,-14.89501180316739
2001-06-26,33.08338182402675,-13.556590014040905,-42.150405588504164,-13.550741822111055
2001-06-27,33.58783148300791,-12.770219258751078,-42.11430258816879,-12.030993076485647
2001-06-28,32.64570206844381,-13.98906431531549,-41.840582376370975,-13.387540932817139
2001-06-29,32.66845665640472,-15.539307658052424,-41.769471258025476,-12.432859076549686
2001-06-30,31.043598097506415,-16.391096996474776,-42.53243454557179,-13.15984873317933
2001-07-01,31.237177703887337,-16.692882894002185,-41.86210840023233,-12.815496286939961
2001-07-02,31.48584281265655,-17.477982039668575,-42.009724412447014,-13.409281604938007
2001-07-03,31.568916085256166,-17.528539387558656,-40.363799110825916,-12.815016012571862
2001-07-04,31.347327240985557,-17.511532465606997,-39.56316280119496,-14.011769845569747
2001-07-05,30.537227749084362,-17.45409117073459,-38.79079393572496,-13.855715285533458
2001-07-06,30.935950920477467,-15.779020280621955,-41.02679784790587,-14.059084225858049
2001-07-07,31.379612971501242,-16.52011709532452,-41.90615377816129,-13.40298548638588
2001-07-08,31.482560784935227,-16.807167136994664,-43.34028472285719,-15.426689048854575
2001-07-09,30.887923929233764,-17.48526674022755,-43.383519753246375,-14.563872524097215
2001-07-10,32.338416715466366,-18.302211830291704,-41.22790298374598,-13.967839373090102
2001-07-11,30.549653490590803,-17.90344421579417,-42.3571612054407,-15.447564630858432
2001-07-12,30.31110910094711,-18.04697865661419,-41.01586388669714,-13.912181472744061
2001-07-13,30.10660555253817,-17.23382727521308,-41.051496072321754,-15.228708165736926
2001-07-14,29.794893307482358,-17.45768159901276,-41.75645377906556,-14.935201569412097
2001-07-15,30.489608762574825,-15.85393072529037,-42.692804882055086,-13.835916422983706
2001-07-16,32.74568431002216,-16.79447109325849,-43.30082357713142,-13.858284898599928
2001-07-17,34.49892974966667,-17.89697849633905,-44.66594790631004,-13.082686384325758
2001-07-18,33.30420065676526,-17.891638412085022,-43.45607714324769,-12.969869040931242
2001-07-19,32.43262377595084,-18.612586745104636,-42.983209864590414,-14.134447839455234
2001-07-20,33.17991569608637,-19.033272256179313,-45.08132529085388,-13.418526184258525
2001-07-21,33.757746239143884,-21.053140738023803,-43.138935960585975,-14.323386688652414
2001-07-22,36.43557582234877,-21.908123209913153,-44.852886226713444,-12.427271498826045
2001-07-23,35.59991656222349,-20.974836845396265,-45.00836856185938,-13.053366255044475
2001-07-24,34.89725012668763,-20.323146853902127,-46.332474542671726,-12.793728908660306
2001-07-25,34.49595094536842,-20.18266462128734,-46.84279888944264,-13.623267049935246
2001-07-26,34.99604568770749,-21.29017755112428,-47.9363135416431,-14.2998375803286
2001-07-27,34.00297203212751,-20.374809796977235,-49.03256548918241,-14.749865356606886
2001-07-28,34.292068274004016,-22.785065704010467,-48.80721474860963,-15.736820474734161
2001-07-29,34.43965065753041,-24.576237510424853,-47.038087154297536,-17.103960596162032
2001-07-30,34.82190953398008,-25.284631140817734,-46.90540706954828,-16.393977776889372
2001-07-31,34.75114669203243,-24.98914423444562,-45.48556184398454,-18.17019300426604
2001-08-01,35.99374961568585,-25.955879940003758,-45.59538883269017,-20.375320234350554
2001-08-02,35.02630158707706,-25.24852855628221,-44.160718361374734,-20.42550055192462
2001-08-03,33.29311613996174,-25.236340045594236,-42.74192180730515,-19.655549558187317
2001-08-04,31.438606778148873,-24.114454544775924,-42.8314516252624,-18.509083159360255
2001-08-05,32.956352419776096,-25.62272568116556,-42.665539346031714,-19.09789435443669
2001-08-06,32.71563012144534,-24.315158938325734,-44.192788957393745,-19.1202107135391
2001-08-07,32.34255852765118,-25.411755207230623,-43.33609819029093,-20.345625541123603
2001-08-08,32.332883766637345,-25.714349024594448,-42.31697051214941,-20.662965459451907
2001-08-09,33.02146074668739,-27.02036376440516,-43.282963795890765,-20.899048850945714
2001-08-10,33.806897494480886,-27.59872852198286,-43.85965113911202,-21.523633618018028
2001-08-11,35.19722197946503,-27.27734517552492,-44.89558604527852,-22.086334233033554
2001-08-12,34.606442211366065,-28.005089855783876,-42.809790663055296,-22.17669234070531
2001-08-13,34.38714718480947,-28.501367703622552,-43.60131335870468,-22.461338861042435
2001-08-14,33.144563632817274,-28.015465202925796,-42.29358291793803,-21.96412152461858
2001-08-15,32.53682725118793,-27.060425676068345,-41.90324590859957,-22.202785893309564
2001-08-16,31.074335343197202,-26.750641510043987,-43.396404668364,-23.741473341874034
2001-08-17,30.89250282483721,-26.953451073296335,-45.702700085364015,-24.06645851339633
2001-08-18,30.668743027174163,-25.741731541566693,-46.73254055184436,-25.99757120869206
2001-08-19,30.238109849197286,-25.26579733514961,-46.61710130021428,-26.87620717368529
2001-08-20,30.83401188571048,-25.66733471074807,-47.42377742886755,-26.241792223179253
2001-08-21,31.600118257140807,-25.050447291645334,-47.41890779549318,-24.54178565547395
2001-08-22,31.560655568899996,-25.107812435588894,-45.7585263520169,-25.568778126185062
2001-08-23,30.6322999350118,-26.55926156094447,-45.200030122237415,-25.017231965864443
2001-08-24,29.610882854609713,-26.772445552951254,-47.647208217300545,-26.354944070710605
2001-08-25,29.597491733676062,-28.040433253656865,-47.566669824579584,-26.09341108638699
2001-08-26,30.212181416312518,-27.911112974246414,-46.73166560505566,-26.18212476069416
2001-08-27,28.761889180912615,-27.53230449103766,-47.31087212487638,-25.002129169135962
2001-08-28,29.24783945400567,-26.8323224462556,-46.44014485700428,-25.18045763557534
2001-08-29,27.546224472954194,-27.59233865024683,-45.649538448316186,-26.391774211132525
2001-08-30,28.83853634951268,-28.477630938870956,-46.57765827945535,-26.99508839912828
2001-08-31,29.99081941123099,-29.068203175799905,-47.10810744935708,-27.297153153905803
2001-09-01,29.934193698058756,-29.408515817290095,-46.71371828746368,-28.0687741166831
2001-09-02,29.639672617363384,-27.553031555625147,-47.32777071907264,-27.718761530869333
2001-09-03,28.76853238132738,-28.82113823002595,-46.63747301879727,-28.251934727707233
2001-09-04,29.829329921618616,-27.90543071332465,-46.110269807931736,-29.076395347601075
2001-09-05,29.09271103017048,-29.47142602786357,-45.092943262377815,-29.64613727473856
2001-09-06,30.656528636203817,-30.642303234594266,-46.75574054072947,-28.493600601274967
2001-09-07,31.38606696060992,-32.34339543565111,-47.28108681577707,-27.51118274292812
2001-09-08,31.740322266833395,-32.80137633473631,-48.81923513570058,-27.038814107364484
2001-09-09,31.481952386274976,-33.3370910641858,-48.8547340456497,-28.184580443776003
2001-09-10,32.962770458472534,-32.15758950044885,-48.769202753121796,-27.04128115051065
2001-09-11,32.91631057798693,-30.061017757955934,-48.72179624473966,-28.198246431518655
2001-09-12,33.53751674833401,-30.89091792091541,-47.966186361007054,-28.581120412405234
2001-09-13,34.4593368504964,-30.548444405176898,-48.6483490610768,-28.837161052765403
2001-09-14,33.15474287288365,-31.782546330428897,-49.69083447716575,-29.05193466878123
2001-09-15,32.70535992296128,-30.192359685710716,-50.73144680692536,-29.72029715673913
2001-09-16,34.389864181895604,-31.623924463846816,-51.899721459232325,-30.99516164250991
2001-09-17,33.879204912515455,-30.008124844717187,-51.329971065499315,-31.03913929697978
2001-09-18,33.596449094103534,-29.831927811491557,-51.35378475140802,-31.259663036560998
2001-09-19,33.12463067474063,-28.654019613030638,-51.40950998728022,-32.15607496955332
2001-09-20,31.761808749378652,-30.218391044502535,-50.78835869041057,-32.37764709345714
2001-09-21,33.1538957635301,-30.104842653611918,-50.77357765195852,-31.81392529081761
2001-09-22,34.28334258102409,-28.928937980928144,-51.2123989738957,-31.57246866516458
2001-09-23,32.68758939362414,-27.36160745999905,-50.87098756455449,-31.655263305869877
2001-09-24,31.995798777118278,-28.434844112117304,-49.94381303331787,-31.066407949175918
2001-09-25,33.57877368456361,-29.16491395416785,-49.33836916385846,-32.214065324664254
2001-09-26,34.587613531284255,-28.297020114808905,-49.28830478420741,-32.84986109214056
2001-09-27,33.88497832732046,-28.236725340209574,-49.468307310150706,-31.99897900868187
2001-09-28,35.79034352621577,-29.741000346022542,-49.04222827507105,-33.002482910881476
2001-09-29,36.384753270241234,-31.083484603526756,-47.387825284677696,-32.43856167950274
2001-09-30,35.05849015997592,-32.26629727520551,-47.83260920072966,-32.353049163285824
2001-10-01,35.5305637700101,-31.034833330819097,-48.62398486361112,-32.09975793244706
2001-10-02,33.974713694267564,-30.187512433040027,-48.538359357565355,-32.33020475796069
2001-10-03,36.36241899260088,-30.079155757537176,-48.45502029663035,-31.975286820985332
2001-10-04,33.750212823302284,-29.10925742015179,-47.0152974440113,-31.439553680157722
2001-10-05,33.4349185349866,-30.879559229245462,-47.127340490478794,-31.77495766991849
2001-10-06,33.85220922430928,-29.54094445823612,-48.01517615203505,-30.89743242965433
2001-10-07,35.35784686933115,-31.029344256396133,-48.94745535556876,-31.030507024900242
2001-10-08,36.80139104552785,-30.172792907506555,-48.78846816891826,-29.68762084005076
2001-10-09,37.220086490459856,-30.260217514350533,-49.974048619485856,-30.311708272035144
2001-10-10,37.54724409364694,-29.58509444968545,-49.747777482759396,-31.161765587713397
2001-10-11,38.83938124134244,-29.790975207476208,-49.647541667683015,-31.0425610834504
2001-10-12,39.108197912439394,-29.168566211956808,-51.308258369316185,-29.522417882991572
2001-10-13,38.26847343886311,-28.782814548292198,-52.770921586514746,-28.160031063402556
2001-10-14,38.85421637877638,-28.683766669345744,-53.16248902303561,-29.55553976839042
2001-10-15,39.08124918269646,-28.905772317449095,-51.63663847804043,-29.641882910100207
2001-10-16,38.18464132163135,-29.34278381200322,-52.97714686613664,-30.234159781732025
2001-10-17,37.24022243554017,-30.45882670049833,-54.09912545418778,-30.680498626877306
2001-10-18,36.951445349618645,-29.804248159191452,-53.94478805248069,-31.971230331554004
2001-10-19,37.76113768484879,-29.67230666904192,-55.13414769173258,-31.904166962751326
2001-10-20,36.54372009344788,-30.64655995067925,-55.09389498358288,-31.919054281646762
2001-10-21,36.180581134302585,-32.96279517046563,-55.773073983527716,-31.138858056055927
2001-10-22,37.434885117538464,-32.000968566563934,-55.32611638972292,-28.03939660094976
2001-10-23,36.48414672648302,-32.756212646599145,-55.800416722400975,-27.206042334593203
2001-10-24,37.21857991722395,-33.20504819228025,-54.21260158070842,-28.113017461290465
2001-10-25,39.01460264492788,-33.19822086829864,-56.09060454889127,-27.743081470878952
2001-10-26,40.11772710915813,-31.635254940299202,-54.543556512875874,-27.826090365766568
2001-10-27,39.6949472613902,-31.4851040785184,-53.68331922660073,-27.628394830734994
2001-10-28,38.95009904898323,-29.426750182909714,-54.18708017104375,-28.26828721142993
2001-10-29,39.221086595730256,-28.27637470538821,-52.512449997172176,-28.417080246076818
2001-10-30,39.336728818268945,-30.393321259722924,-52.69375170163949,-27.97797524168852
2001-10-31,41.35516967759253,-31.673776894667135,-53.22505756847522,-27.497576683954644
2001-11-01,41.570336986565046,-31.727449846635892,-54.14378142353525,-26.535960163332643
2001-11-02,42.10654314487842,-31.076474746995125,-52.827734912687426,-28.174730543102044
2001-11-03,41.294371954532444,-30.991205443095698,-52.80502383617403,-26.81608110433608
2001-11-04,42.74400733378044,-31.223709420354062,-52.99935902668005,-26.6582482466043
2001-11-05,41.36492618334616,-30.91169011537846,-53.672142830136046,-27.5283491123559
2001-11-06,40.816189607833735,-32.114544832853746,-54.52009114817993,-27.372203292159636
2001-11-07,40.497434866139905,-33.11406944761962,-54.08469782268985,-26.625793014696658
2001-11-08,40.98720032222742,-32.68506192281387,-52.721517730566994,-25.889579134148963
2001-11-09,42.150640799530834,-32.33075141294058,-53.66587504050279,-25.56917237188956
2001-11-10,42.17802793570149,-31.60233586054341,-53.03386219575191,-25.33121859234227
2001-11-11,42.03612784293239,-30.65984088456031,-53.472340450430686,-26.593152196724446
2001-11-12,44.13047597687946,-30.4915362229995,-53.27407608740896,-25.31043863586365
2001-11-13,43.06164508766742,-30.36551101008423,-52.713346137155675,-23.706567283032513
2001-11-14,42.61361472359462,-31.11226821128255,-52.869375470811015,-23.178654991103638
2001-11-15,41.73743178634167,-31.406658480611014,-51.46295106494133,-20.551387407878323
2001-11-16,39.85693551706882,-29.555876552324314,-51.298798879783355,-20.239983659780897
2001-11-17,41.049107979589586,-29.607340464172186,-49.38830946431081,-19.899529058047534
2001-11-18,39.924228406304486,-29.816538449485417,-49.49555122514734,-18.823490528330293
2001-11-19,40.157527467703794,-30.115593520059253,-49.83682050828915,-18.620870005455412
2001-11-20,40.356207744088834,-30.142755203045187,-49.806524575047355,-18.679520287656143
2001-11-21,41.53639242824425,-30.25286563683624,-50.60912630197443,-19.307208253730373
2001-11-22,41.50939137453963,-30.375756291616142,-51.475206713915604,-19.113751104240205
2001-11-23,41.65173089922206,-31.814119953737038,-50.97811726593837,-20.060588912619213
2001-11-24,42.700150079811706,-32.689554497535106,-51.09005782286335,-20.57064647578606
2001-11-25,43.94196443735832,-31.16356010542429,-50.801345062344986,-21.804068759064876
2001-11-26,44.70679063858562,-31.346355603581813,-50.29954746593579,-23.149338581108754
2001-11-27,44.2564559324829,-31.429634587206838,-50.79306891368723,-21.17848444180007
2001-11-28,44.24275403516991,-32.76178653073921,-52.84567090473195,-20.867039610707685
2001-11-29,43.42286861465117,-32.5966567890566,-50.412374103516754,-19.4021574352971
2001-11-30,44.06475572629207,-32.06885355626807,-50.32393340208795,-19.84287082771716
2001-12-01,42.85947774454987,-31.967107967367635,-48.749738820907,-18.752852341001947
2001-12-02,42.18990241968246,-32.12017328031397,-48.13792209353338,-19.47632952919974
2001-12-03,42.0125488221995,-33.83326010748292,-48.434199217220325,-20.191189471473464
2001-12-04,43.15735363252823,-33.151869792984435,-49.70910620438511,-20.628855338521895
2001-12-05,43.06887555505717,-34.329280348610176,-50.20525570050544,-20.43111031514364
2001-12-06,43.48974858870329,-33.702078091870675,-50.77237844526609,-20.71103760085073
2001-12-07,43.0012050615114,-31.91495216334263,-51.49854435935898,-18.68986321862825
2001-12-08,42.751394577329506,-33.35154456076914,-52.61924988827745,-18.632548517498453
2001-12-09,43.46642105761657,-31.978884798213542,-54.46255072551002,-19.76735892503748
2001-12-10,41.91131198973975,-31.446997790955322,-54.45872062971768,-18.23158006603092
2001-12-11,41.11678080997449,-30.80431421271036,-55.20045906603111,-19.29576747912557
2001-12-12,40.94264733555771,-30.39140301817337,-53.8905637464686,-19.834227733156705
2001-12-13,42.155868834870546,-30.10848394291047,-54.3030959476535,-18.805681447547585
2001-12-14,39.66758019590802,-30.116628508932706,-54.19341795529019,-20.28474242160009
2001-12-15,40.33530414599503,-30.231577293920598,-53.94363222948212,-20.365802418073464
2001-12-16,40.90294505781398,-28.828542547795436,-52.45391319648474,-22.44896883030925
2001-12-17,40.816451977021345,-27.850147496370838,-52.61057575469608,-21.66789971188829
2001-12-18,40.74527266590328,-26.68085840374676,-53.378393077279895,-21.14864222662877
2001-12-19,40.7447204693279,-27.970976989102326,-54.990436415331395,-20.802239792046155
2001-12-20,38.968243334462166,-29.69701254225979,-54.26970712703498,-21.635928049511424
2001-12-21,39.02702621349595,-31.32280354618261,-54.16591191173926,-22.530843952108125
2001-12-22,39.52223552642699,-31.570451445917108,-55.61955940560462,-21.986042678734023
2001-12-23,40.13925879027412,-30.73080935834001,-56.290152577692,-22.29105856554965
2001-12-24,39.71307498824716,-31.649967150960077,-55.26214435850636,-22.031810268888083
2001-12-25,39.486825050182745,-32.827945580420185,-56.44199751797153,-21.917705865468832
2001-12-26,39.950920437259626,-32.58408132779724,-56.17012480206821,-21.81504826297041
2001-12-27,39.371033202982275,-32.50449771960898,-56.44499241545893,-22.16881243565653
2001-12-28,39.554136182804086,-31.366692944478185,-56.454927653311856,-21.818537318110135
2001-12-29,40.55162562807233,-31.136688339359512,-56.318514685326505,-21.262373306150483
2001-12-30,42.85813860494575,-30.279871846842983,-54.88451049191691,-22.514750265291127
2001-12-31,42.907313760859346,-28.269625676809675,-53.34233816422183,-22.62016509544167
2002-01-01,43.11701092528545,-29.681051991926296,-54.795293832925395,-24.567928888221992
2002-01-02,43.65343503493192,-30.13484240920184,-55.06272215808969,-24.965417787199222
2002-01-03,42.79693268822498,-29.87751296881053,-54.55739756806458,-23.840228346750834
2002-01-04,41.7866925499055,-27.582630959246494,-53.58722597982017,-24.724957280087303
2002-01-05,40.205180695967805,-26.277896628627264,-54.557879355617835,-23.794077246237034
2002-01-06,40.009363486087345,-27.252302172005706,-55.282304022728795,-23.37728524838501
2002-01-07,39.65401656859048,-29.476842469904465,-53.2774728495649,-24.612927399935522
2002-01-08,39.68222826983712,-29.34019585365877,-54.12595925382044,-24.223154671515452
2002-01-09,40.55700589421684,-28.801312127928984,-52.78200367444924,-23.428238569204687
2002-01-10,40.811264241949786,-28.77563124108332,-53.47573484310517,-24.52078120483541
2002-01-11,40.60836701223367,-29.636672325773187,-53.92143711602572,-23.466589040384
2002-01-12,41.071140723346986,-29.799503612042123,-53.382485204978856,-22.8867233287857
2002-01-13,40.854298456539325,-30.388302235449594,-53.95369023922429,-22.6576236858545
2002-01-14,41.13417835834849,-30.540559213140153,-53.72413749449184,-23.521026488603802
2002-01-15,41.5977915813201,-29.57302938006179,-53.89492702904023,-22.238904928099174
2002-01-16,42.37072427327386,-30.710161394203816,-54.52559615100439,-20.197108850090583
2002-01-17,41.87127313412251,-32.13961442969931,-54.47469910944063,-19.09991362501844
2002-01-18,40.90353087398024,-30.68436407153882,-51.885367456851306,-18.555442902415876
2002-01-19,40.735960573615436,-29.683372381972912,-50.48243452845124,-19.02894434150264
2002-01-20,40.99848449625276,-28.998932240906687,-49.18406052808939,-19.602898559688224
2002-01-21,41.478299786370975,-30.073046876784975,-47.64410164442041,-18.38044093378579
2002-01-22,41.08308263895368,-30.056710410914025,-46.95448128686317,-18.02261458314345
2002-01-23,41.786217028958696,-29.318972784430958,-48.71768395536292,-20.40587183278533
2002-01-24,41.705050746394825,-28.32429501806888,-51.0690360259736,-21.398073987516682
2002-01-25,41.75425856971437,-29.402440998467195,-51.05095763524758,-20.415101995108955
2002-01-26,42.888072198744766,-28.852819947962455,-51.90894691091335,-22.125207998948586
2002-01-27,43.88207008366552,-29.216779673577758,-50.94932653990652,-21.896942322415946
2002-01-28,42.95094327128925,-28.47744267742816,-53.014788412695545,-21.280829632893493
2002-01-29,42.24092802257938,-27.080266421362783,-54.66237374510152,-22.71595302984668
2002-01-30,40.70267658075796,-26.164029847785127,-54.21645041979705,-21.790511618994287
2002-01-31,41.25727492056847,-25.48140224820539,-54.47981381299347,-21.257945894022537
2002-02-01,42.62477735312267,-24.91949181367302,-55.012561452853824,-20.99259028693797
2002-02-02,42.51846942721988,-23.357714812128695,-51.442576913249994,-20.98905031171645
2002-02-03,41.015618967984416,-24.368020648098955,-50.5054642528698,-21.38164875255885
2002-02-04,40.68595380063261,-25.590281815348614,-49.19015838823849,-20.3756930268129
2002-02-05,39.47316803641733,-26.255979061692784,-48.79029667804086,-20.76369580528352
2002-02-06,40.24854641397449,-26.914242575271444,-47.65042529090511,-19.38925077668873
2002-02-07,39.46349582335374,-25.436233770215306,-47.82423800478447,-18.602794540089082
2002-02-08,38.83032265434886,-25.64710875464727,-46.38941479981077,-19.531011107651537
2002-02-09,38.546508664288574,-23.7357944743272,-45.33320186549204,-21.278962226856503
2002-02-10,38.50104576560561,-24.414056930729203,-47.797726135343275,-21.04647208019428
2002-02-11,37.21865767406776,-26.095178959960293,-48.731787240224804,-21.301906158461417
2002-02-12,35.51203889264055,-25.850256243580784,-49.86026734379703,-23.058131277891153
2002-02-13,37.418410140497336,-25.988673107448832,-49.796658998471464,-22.099379881781793
2002-02-14,36.57725862932405,-24.548813036488287,-49.69285635526176,-21.931222872277676
2002-02-15,34.39185268705366,-23.069971761844332,-50.16983540072759,-21.18410448749909
2002-02-16,35.67596721241111,-21.92557916713868,-49.57146109377724,-20.773632945565858
2002-02-17,34.47967902909888,-22.60606817205858,-50.351133474890204,-20.289987597883528
2002-02-18,34.94811374181305,-20.742222131868743,-50.01504304768458,-19.988326714849254
2002-02-19,36.38811971381925,-21.409488907483176,-48.82459122671263,-19.020602630570874
2002-02-20,36.90856213601356,-20.771134167479666,-49.561429015697364,-18.559133176784858
2002-02-21,36.604510056243264,-22.478960696585165,-49.42605039677587,-18.360225575932734
2002-02-22,36.06707413627767,-21.925369857751978,-50.21090275446066,-16.29016343986617
2002-02-23,35.81412384618301,-23.49751417273508,-51.40213863893834,-15.073039712798893
2002-02-24,34.189426941464454,-23.379747260573733,-50.39152547159195,-14.492809042420278
2002-02-25,32.812220019495264,-22.99001308017939,-52.59405719373479,-13.6780160713985
2002-02-26,34.15379389440285,-24.32275912823131,-54.581475858974414,-14.529262709286073
2002-02-27,35.31713348512761,-24.36964677685835,-54.66023179974959,-16.03189858457259
2002-02-28,35.624716352225754,-23.831752726673965,-53.67252002597046,-15.364633976327575
2002-03-01,35.78611503858432,-23.72787040181546,-54.42191536896799,-15.849440827666413
2002-03-02,36.727486204066956,-24.33798506205136,-53.89116489806171,-14.647367095708708
2002-03-03,36.39469340961577,-24.189285580058574,-54.82424234731015,-16.031865196169942
2002-03-04,38.410790544699196,-23.88080033020813,-55.19276260498833,-15.750159024538124
2002-03-05,38.342128930884556,-24.496637472163442,-53.39201947695431,-14.581943647751318
2002-03-06,37.951333952841836,-24.500675680293593,-53.71667686367307,-16.982366783564842
2002-03-07,36.78339823441328,-23.673587331413415,-52.408609951195146,-17.962501625753468
2002-03-08,36.6090947116044,-23.500035268523916,-52.40041681923158,-18.82726415840634
2002-03-09,35.343835769391696,-23.48932836413757,-51.58870120875649,-19.830401539687944
2002-03-10,37.280094214776504,-22.04601743790774,-53.19576616822063,-22.548897406667958
2002-03-11,36.6365874225369,-22.603787709236023,-54.526008039711954,-24.064801588082595
2002-03-12,36.48971946241463,-21.39481806679425,-54.0352801777083,-24.15523907558738
2002-03-13,37.84244833003771,-21.033890401925202,-55.578211258782446,-25.291784843513746
2002-03-14,38.02931377278318,-22.255829178196763,-55.23787086201392,-25.25478857633494
2002-03-15,37.71650804003579,-22.353689994397104,-55.848158920228244,-24.645133443441853
2002-03-16,36.83356808253196,-23.24556839927332,-55.29003377851807,-23.83229266004831
2002-03-17,38.103550744948286,-21.11006902252636,-54.92580579621231,-24.00213203672703
2002-03-18,38.4650157205512,-19.93806212980388,-56.37893540969744,-24.356961708062613
2002-03-19,39.18644651826914,-19.958130274864224,-54.5631593464126,-23.801653345598986
2002-03-20,40.424168388685025,-20.52763703147303,-54.4169393039804,-24.89204513344806
2002-03-21,37.87377563834547,-20.97973650565803,-53.534279035211206,-24.473124354133798
2002-03-22,37.938024629281806,-20.245795009117437,-54.293196828915534,-25.642105994178483
2002-03-23,37.295520816488164,-20.53874597720505,-55.522126187257825,-24.842078868212333
2002-03-24,36.828352572255135,-21.62036076821668,-56.51404806675406,-25.25172214323958
2002-03-25,37.05219026240702,-20.07225257271557,-55.07206008964064,-24.42019116781412
2002-03-26,37.09891750337389,-20.45249825607923,-54.82478749623092,-25.755752712964668
2002-03-27,35.63892351690416,-20.30143939974904,-54.70596205976244,-25.273320623761723
2002-03-28,36.70125896430544,-20.88561853973312,-52.71734444494744,-26.843554099793792
2002-03-29,36.36710055094559,-21.245445242826847,-52.63410077372348,-27.234380316493695
2002-03-30,36.080945790908544,-21.409561210661252,-52.97510015529377,-28.0559963144505
2002-03-31,36.772834627484585,-21.452222889430853,-54.23175542348975,-29.551331245070827
2002-04-01,35.62461129299287,-19.802444382058113,-54.37670300030191,-32.0744137375801
2002-04-02,36.9807189376555,-21.113490011272837,-55.15763470695597,-31.120452747862977
2002-04-03,37.5929964067493,-21.68189288077449,-54.34684901222297,-31.384015539009333
2002-04-04,36.568249790380584,-22.19442115133008,-52.67877957499399,-31.210338871656045
2002-04-05,36.26048299849676,-21.132477340872587,-52.78726336436234,-29.82796191039208
2002-04-06,34.66468886483689,-22.795690477726392,-53.34202324565895,-28.860896728014737
2002-04-07,34.20141153202859,-22.669922353650318,-52.11597360796206,-27.382723227878756
2002-04-08,32.97823450045082,-23.150210424949595,-53.576016876056194,-27.509934382195524
2002-04-09,32.06159444924774,-23.1182091601408,-54.7645924710429,-27.568603531520772
2002-04-10,31.377783317919192,-23.48467136845456,-52.98860532181055,-27.218504577396338
2002-04-11,31.225382572811746,-24.08208691954368,-51.58583490356423,-25.87818220613666
2002-04-12,32.295456747237466,-22.872863632431713,-51.264486126876854,-26.278857921293188
2002-04-13,33.11221287247937,-20.760048511771465,-48.25650406587057,-26.043796612303822
2002-04-14,32.61619790397693,-21.744557712281985,-50.86189664456553,-25.460839928103855
2002-04-15,32.845459798155964,-20.832308833259486,-52.014034450204335,-24.761385286421824
2002-04-16,33.18634441367189,-20.11345731986551,-50.23218517097882,-23.969862510573122
2002-04-17,34.07054688838322,-20.13413590352237,-48.59108550393553,-24.32455404330715
2002-04-18,34.40251711775195,-20.6916820659557,-48.539117542157626,-24.25508073119493
2002-04-19,35.43938261344995,-21.319675020473767,-49.29100063804386,-23.92605595949888
2002-04-20,34.20145000681408,-20.404305796550776,-48.71169854151141,-24.888532497754763
2002-04-21,34.83503220521167,-20.06762458287923,-52.268932050023274,-24.78250864721416
2002-04-22,34.02790135789761,-21.253811255076492,-52.29358710986801,-24.03591568133586
2002-04-23,34.17103724752435,-22.010630062988128,-51.804320243805016,-24.75674980060774
2002-04-24,33.38576102498731,-22.873029558996468,-51.77144747694839,-25.014431494321084
2002-04-25,34.241483010705934,-25.816090793720054,-53.59384968216816,-24.841725579775463
2002-04-26,35.124383348182974,-26.853824465685875,-52.65333253814489,-24.32140582249934
2002-04-27,34.096439876029855,-27.15908181175871,-52.89820657765563,-23.621251896336197
2002-04-28,35.94810054389755,-25.76547557907884,-53.9948208363231,-21.63622023829107
2002-04-29,36.0403482346129,-25.580790401283053,-54.15032645416769,-21.039881657945617
2002-04-30,36.72889663508139,-24.379004158191755,-52.371309698577555,-20.50340490428038
2002-05-01,37.43132499751799,-24.520649640754094,-52.38347061959461,-19.669564782802343
2002-05-02,36.91753127070313,-22.695146682232537,-49.612641598416026,-20.167548353386476
2002-05-03,36.77607204928224,-21.444417843419764,-50.16817976163247,-20.30338901947569
2002-05-04,34.60408657513783,-23.0662514708043,-50.5140734170309,-20.91295829675418
2002-05-05,36.0638639588651,-22.309524467240937,-49.780487471093636,-20.86172791508953
2002-05-06,37.16108287343442,-22.09789275255458,-47.89474020843341,-19.946446553803906
2002-05-07,37.60282040397232,-21.142761213298773,-47.26383268710978,-21.37345103427835
2002-05-08,37.938943136729605,-21.627112306547584,-47.44658864047035,-21.686814652691062
2002-05-09,38.322135729133905,-23.437232672293494,-49.53334988149566,-22.321488631803813
2002-05-10,38.86410196963436,-26.050022146798742,-50.272315834972375,-22.80626583363313
2002-05-11,38.51305980983286,-25.638120820732205,-50.143956158840176,-23.538129052427948
2002-05-12,37.92682670671708,-25.37677025184531,-50.76283330817542,-25.20467195876185
2002-05-13,37.5673802213261,-25.138696035793497,-52.081911710994795,-26.9919106880062
2002-05-14,35.96205025642355,-26.11584310839589,-52.394008867092566,-25.459506402376505
2002-05-15,37.65167199083211,-26.840375047316805,-52.03963599184625,-24.266998268390786
2002-05-16,37.93221166130156,-24.81298004138776,-49.85908315833784,-23.969815341692144
2002-05-17,38.489465085531364,-24.40446312501748,-50.52121633580216,-25.323184231019233
2002-05-18,38.25484214500783,-21.941427453415603,-48.70361304603929,-25.35162884255591
2002-05-19,38.03648929890702,-21.58269331791368,-47.985391795462895,-27.015931081199398
2002-05-20,38.53430627089144,-21.80484752964092,-47.79529612715557,-26.26989404904687
2002-05-21,39.1898725434676,-20.224161095790816,-47.6040627821979,-25.66524175016454
2002-05-22,37.08409716773209,-22.446772462263716,-47.647682501429045,-25.705614319147347
2002-05-23,35.241085886404775,-21.121772046529713,-48.78045015131389,-25.000679719874608
2002-05-24,34.388641707174365,-20.609094376209327,-48.5975843083631,-25.296738813760033
2002-05-25,34.09129875751242,-20.215212138576014,-48.312415257168595,-26.014996396801948
2002-05-26,33.24639844667587,-19.53660861106334,-49.83891419696878,-26.313047838301543
2002-05-27,33.204854460824926,-19.76809281872716,-48.10016325776364,-25.788305120008783
2002-05-28,32.60257968584218,-19.740301002399672,-50.254565561743185,-25.561804412345342
2002-05-29,31.324653400069042,-18.384946640171396,-51.65422190078266,-25.280495154964186
2002-05-30,32.78676749376108,-18.781285218407923,-53.50912473913075,-26.169996647380092
2002-05-31,30.992826983599475,-18.25043522722354,-52.9718749748785,-25.77291039699444
2002-06-01,32.87662757670753,-17.93435219088659,-52.35535186305932,-23.710583259045684
2002-06-02,34.38603367868441,-17.97175585439207,-51.29576872917179,-23.384104104146147
2002-06-03,34.49250829089682,-16.792884595941892,-52.508611164290734,-22.043512254730693
2002-06-04,34.67592236488788,-15.545837467891936,-53.208840184213685,-21.371633919420876
2002-06-05,34.44423366239655,-15.08789301299324,-53.39327758910505,-21.916447406986226
2002-06-06,33.316950661277275,-17.080076683845494,-52.06673951055123,-21.741618933651655
2002-06-07,33.02999418357517,-16.956747241186154,-50.98427550638718,-20.60001631586696
2002-06-08,32.27473306042309,-16.259566147088243,-51.561259357891224,-20.23630785029693
2002-06-09,32.13996621694413,-17.488559923075417,-53.963248473720405,-20.671071334814947
2002-06-10,31.427844602384646,-17.153409869713197,-53.461664178649,-19.42463471081988
2002-06-11,31.368060345279517,-16.640743215790188,-54.788940779949485,-19.445836983807098
2002-06-12,31.241300125549877,-18.25669083409779,-54.16395764940391,-20.609330372583404
2002-06-13,31.95389284162728,-19.00138413705519,-53.05029282111417,-20.281491333696675
2002-06-14,31.386498920571178,-19.066521633119244,-53.91220937443534,-19.148982377867604
2002-06-15,31.80312577112966,-19.926509748698802,-54.063827577836754,-19.924029454330974
2002-06-16,30.015027309996185,-20.888433704699604,-53.355342191087146,-22.492929250117648
2002-06-17,30.89060602072124,-20.923863036458055,-54.646647926189246,-23.492234655031247
2002-06-18,32.906889030371985,-21.823222280208494,-54.65471120018564,-22.390331285893982
2002-06-19,31.24284718888038,-21.381997856512072,-55.947664387594386,-23.925785632216883
2002-06-20,30.864465491369845,-22.349546006882612,-56.02771905053044,-24.761397452482758
2002-06-21,30.463080642515045,-23.235175593405067,-55.90317814900994,-25.492985035240757
2002-06-22,31.29411848359036,-23.274267511957866,-55.656035855233256,-24.888152404679484
2002-06-23,31.129562300481556,-21.033992576886497,-55.4432901239044,-24.75714809647489
2002-06-24,31.532028373104623,-20.14061240557062,-55.38347469756473,-24.86581015784903
2002-06-25,30.0848380295603,-19.940194781496245,-53.47579503646694,-24.80056433194155
2002-06-26,30.91846163477203,-18.6695948360539,-52.97213810413401,-24.66613296552113
2002-06-27,30.590644712475154,-19.899450104637168,-51.19618569919125,-26.555678307320147
2002-06-28,28.19826022622882,-21.1808911471637,-51.16085476322923,-26.93969753275429
2002-06-29,29.379617237692063,-20.734014465442737,-52.42691692153842,-26.43658471454616
2002-06-30,29.23980832067801,-19.159915917578534,-51.160897912128505,-26.242512718182173
2002-07-01,27.929810325631998,-21.398708325563106,-50.224081912433846,-28.209808420738966
2002-07-02,28.387383398064724,-20.471207392664354,-49.557345290878885,-28.94445286131856
2002-07-03,29.27284154661832,-19.145937222911368,-50.357469097120024,-29.3202674851604
2002-07-04,28.848971913072916,-18.34912761894605,-50.042496221914455,-27.093566113517664
2002-07-05,28.024905271895165,-19.34605258115042,-50.66055652954912,-29.097761192040778
2002-07-06,27.990789197876317,-18.116892422207734,-51.00413046291215,-27.91414880032738
2002-07-07,26.839245135399278,-16.84342707555167,-51.24637743117091,-28.942330215783446
2002-07-08,26.015254128295414,-17.49958866902306,-52.51859176895155,-27.979291805741923
2002-07-09,26.65406731644147,-17.787996595425454,-54.48306993588475,-28.06229201209061
2002-07-10,27.445942757091657,-19.22617559238552,-54.72451933887736,-28.671382448775496
2002-07-11,29.085761599213058,-19.528116158912923,-57.67044717248718,-28.38300955292198
2002-07-12,27.639072477458484,-20.624667918212374,-56.0048658750865,-27.47458772595852
2002-07-13,28.8278086075235,-21.240627957105815,-54.930478109087915,-25.12844367132844
2002-07-14,28.455063012054236,-22.695962694964102,-56.33607823319209,-25.358553491078577
2002-07-15,26.87752430886418,-23.717745953482112,-56.67276661980907,-23.628752950242134
2002-07-16,26.723606614406055,-22.972891625668424,-58.1505551000505,-23.163956821285648
2002-07-17,27.75228482193306,-23.944826677341812,-57.81860508026609,-23.378079128131617
2002-07-18,28.21640458681526,-23.732997778171896,-57.44049124565848,-22.446514306614556
2002-07-19,30.600073220762432,-22.408598580819955,-58.32044566892688,-23.172416326802207
2002-07-20,30.926342928936915,-23.685209203357473,-57.19192261692905,-21.641352288749438
2002-07-21,31.628684196504633,-24.57163692900037,-56.68201940748308,-18.68357054058078
2002-07-22,31.771515875798563,-23.66183831247824,-58.36022599970857,-19.489660407950154
2002-07-23,32.29991360850516,-22.631870138534275,-56.919815504378384,-18.674181115826784
2002-07-24,31.642902776316046,-22.40638807628995,-58.61173631597736,-20.08459922437634
2002-07-25,30.33506074530406,-22.86841706262328,-58.29798484916575,-20.335383821867797
2002-07-26,30.209336408038606,-25.012816759035555,-58.196761659451916,-21.466610606913576
2002-07-27,30.925327617791105,-24.377827502409545,-58.98437160747357,-23.558063520389386
2002-07-28,30.47680790668136,-24.036928931848887,-59.88755970398185,-24.386088491969105
2002-07-29,30.381528580180852,-24.00047480112608,-58.91703359603755,-25.88025593287658
2002-07-30,31.552308396615814,-24.151097546691584,-58.17360089112202,-24.58009939124822
2002-07-31,31.97049067326877,-23.386746643851,-58.23550586781278,-24.86080735015895
2002-08-01,32.30459220211161,-24.101937745753133,-58.52944956451179,-22.651291239655905
2002-08-02,30.90165137549304,-24.75557851465796,-56.923947374849824,-21.293395804681886
2002-08-03,31.352872979435386,-25.44942161755274,-58.27434214815763,-21.185416792095594
2002-08-04,29.531649444668613,-25.750188447784517,-57.977942984202635,-20.86883012933271
2002-08-05,29.16620164940878,-25.429163926505915,-56.73967148295699,-19.698382002626687
2002-08-06,27.69719714360154,-27.12273828194651,-57.20855526340724,-20.551411774381
2002-08-07,28.130590825613496,-26.932908258025652,-56.988120349594915,-18.960581218706746
2002-08-08,28.687726060296203,-27.03451064141277,-55.43353243128901,-19.473229189829162
2002-08-09,27.876228906655363,-26.668954649217653,-54.89238039463926,-20.085085852379045
2002-08-10,28.329224867700887,-26.24859423281223,-55.221966809316825,-20.367174200071286
2002-08-11,30.129849068449957,-26.16107253080222,-54.79227623490882,-19.354413649254443
2002-08-12,31.250040607645833,-25.02394716899295,-54.79190898847534,-19.93447865280784
2002-08-13,30.49441050034791,-25.927930149416643,-54.64156876329669,-20.378160554276967
2002-08-14,30.78839729388407,-24.98119239378707,-53.14615587642404,-19.47876302326508
2002-08-15,31.199422293197063,-26.687235294740397,-52.281199814865,-19.987764065828667
2002-08-16,30.74543479172371,-25.265490067265432,-53.0034001424753,-21.644955527613227
2002-08-17,30.38548275256337,-25.696094456064053,-52.53511749671093,-21.145734228296053
2002-08-18,29.040550203594094,-25.996895029359823,-51.32040655721597,-19.719828653103985
2002-08-19,29.15904022356817,-26.347715059211087,-52.28415206872099,-20.453616473847596
2002-08-20,29.134171363793072,-24.97367942224932,-50.49685752775633,-21.11590408335533
2002-08-21,28.4443727934396,-26.046505566574567,-51.23788321454106,-19.06123724329295
2002-08-22,29.020187708907677,-26.346999680917556,-53.08751775610686,-19.261853811410777
2002-08-23,28.590259112842904,-27.75751431230714,-55.06042906898972,-19.046486883152475
2002-08-24,30.032589761979594,-28.28614741282361,-56.83647157933376,-17.83507243730459
2002-08-25,27.673980357942533,-28.499182286551783,-58.454706306289516,-18.74672307156496
2002-08-26,29.455240762577947,-30.82916715186112,-58.894234853628454,-19.10114927820322
2002-08-27,29.6458114071544,-30.030058096123515,-58.61157060170633,-19.93038777800363
2002-08-28,29.70854975721503,-29.51384185968572,-58.45102990091463,-21.02300732435648
2002-08-29,29.67209464655019,-30.473917242566028,-56.72057439960049,-19.51483520883177
2002-08-30,28.865111880869545,-30.698741273351104,-58.23866404383325,-18.04040553392315
2002-08-31,30.81763739698942,-31.827809362342943,-57.71091516547355,-19.864539113147384
2002-09-01,29.303141525124285,-29.575763604397864,-58.093359457808525,-20.93261535446483
2002-09-02,29.0022437750573,-29.89939297594272,-58.753235529476584,-21.392227932507872
2002-09-03,28.74144671016393,-30.233515778368695,-57.87290149913902,-21.652891160934086
2002-09-04,28.383268928122035,-33.25663837356068,-57.87913131081059,-21.676272150398802
2002-09-05,27.755633241065375,-33.57050969837206,-57.93255105929188,-22.04285820278252
2002-09-06,26.9084319817541,-33.66655129520207,-59.22368164418082,-22.566753605024033
2002-09-07,27.040306386434693,-34.11044982172048,-57.945192283051675,-23.02937717842529
2002-09-08,27.34680165381982,-34.691456205937534,-57.86354513107052,-21.603737731938175
2002-09-09,30.179546602464065,-35.082000513027005,-58.34341706384548,-22.2280975094433
2002-09-10,29.233510670197713,-35.48463515240765,-60.274904707900276,-22.5976016001222
2002-09-11,30.67913638813617,-33.52338171985587,-61.42705503185096,-24.061992603744642
2002-09-12,30.46339093436223,-32.95225962513866,-63.11683611766639,-24.072396327674376
2002-09-13,30.56148369610263,-33.703708614491894,-62.17156022268467,-23.058885063151124
2002-09-14,30.895012950520137,-32.74739779014853,-63.73998863088232,-23.264121942447563
2002-09-15,31.42458593701449,-32.32498020051949,-62.07267327065761,-23.954817668606253
2002-09-16,30.967116699033635,-30.60115990347917,-60.88508719864158,-24.855408325878038
2002-09-17,30.49441567190987,-31.392420438895606,-62.06034557171451,-26.42852094380406
2002-09-18,31.31520990197411,-30.459538486637616,-61.597265644964025,-28.981766868502557
2002-09-19,32.04188919222441,-30.835419518843242,-63.36716881547538,-29.984980291740296
2002-09-20,30.35405472545183,-30.752607178274836,-64.25649024395474,-27.879842061680307
2002-09-21,29.23694909517924,-31.020157798888818,-63.82454187130051,-27.57550052114768
2002-09-22,28.43217833559247,-31.409451010234548,-64.54345732582813,-27.015891204394073
2002-09-23,27.611503993913683,-29.712287553314788,-64.41128382600986,-28.110154046262874
2002-09-24,26.676612435730792,-29.209027448155176,-64.26918408996025,-28.119278340016013
2002-09-25,26.34593325794211,-29.353674174374184,-64.04427396115442,-26.79287116019591
2002-09-26,28.311242587785856,-30.79028024979437,-65.16113670078828,-27.36534233350562
